City,Cloudiness,Country,Date,Humidity,Lat,Lng,Max Temp,Wind Speed
illela,0.0,NG,1571070389.0,30.0,12.25,4.3,35.98,2.026
new norfolk,4.0,AU,1571070389.0,87.0,-42.78,147.06,8.89,2.6
ushuaia,75.0,AR,1571070390.0,61.0,-54.81,-68.31,9.0,12.9
mar del plata,0.0,AR,1571070390.0,36.0,-46.43,-67.52,11.08,4.171
jardim,0.0,BR,1571070390.0,25.0,-21.48,-56.15,37.68,3.659
vaini,75.0,IN,1571070391.0,88.0,15.34,74.49,24.0,2.1
kungurtug,0.0,RU,1571070391.0,53.0,50.6,97.53,-1.72,1.801
hobart,1.0,AU,1571070391.0,87.0,-42.88,147.33,8.89,2.6
tuktoyaktuk,20.0,CA,1571070392.0,92.0,69.44,-133.03,-8.0,4.1
eenhana,75.0,NA,1571070392.0,61.0,-17.48,16.34,26.0,1.5
jamestown,0.0,AU,1571070393.0,87.0,-33.21,138.6,8.78,1.695
rikitea,0.0,PF,1571070393.0,82.0,-23.12,-134.97,22.48,4.508
muscat,0.0,OM,1571070393.0,79.0,23.6,58.55,29.0,2.1
punta arenas,2.0,CL,1571070394.0,50.0,-53.16,-70.91,12.0,10.3
port elizabeth,20.0,US,1571070394.0,60.0,39.31,-74.98,21.11,2.372
arraial do cabo,0.0,BR,1571070394.0,54.0,-22.97,-42.02,29.0,8.7
rosetta,20.0,EG,1571070395.0,69.0,31.4,30.42,26.0,5.1
mana,0.0,NG,1571070396.0,20.0,13.03,5.27,36.88,2.81
botngard,20.0,NO,1571070396.0,70.0,63.77,9.81,7.22,1.0
rawson,0.0,AR,1571070396.0,60.0,-43.3,-65.11,6.98,2.693
broome,75.0,GB,1571070397.0,87.0,52.47,1.45,15.56,5.1
mataura,89.0,NZ,1571070397.0,95.0,-46.19,168.86,9.44,0.89
manzhouli,18.0,CN,1571070398.0,31.0,49.6,117.43,1.98,5.148
salalah,40.0,OM,1571070398.0,78.0,17.01,54.1,28.0,4.1
erzin,75.0,TR,1571070399.0,34.0,36.95,36.2,33.33,2.6
naron,40.0,ES,1571070399.0,76.0,43.52,-8.15,14.0,4.6
albany,20.0,US,1571070399.0,59.0,42.65,-73.75,18.89,4.6
hajiganj,20.0,BD,1571070400.0,75.0,23.25,90.85,23.68,0.763
phillipsburg,1.0,US,1571070400.0,54.0,39.76,-99.32,13.89,4.301
longyearbyen,20.0,NO,1571070400.0,78.0,78.22,15.63,-8.0,2.1
peniche,20.0,PT,1571070401.0,52.0,39.36,-9.38,19.0,5.1
unity,100.0,CA,1571070402.0,70.0,52.44,-109.15,3.33,2.24
bredasdorp,0.0,ZA,1571070402.0,45.0,-34.53,20.04,20.0,9.8
busselton,0.0,AU,1571070403.0,58.0,-33.64,115.35,6.67,4.64
kavaratti,3.0,IN,1571070403.0,68.0,10.57,72.64,28.88,0.638
torbay,90.0,CA,1571070403.0,81.0,47.66,-52.73,8.0,7.7
cabo san lucas,75.0,MX,1571070404.0,88.0,22.89,-109.91,30.0,5.1
kapaa,20.0,US,1571070404.0,78.0,22.08,-159.32,26.0,5.1
ribeira grande,75.0,PT,1571070405.0,64.0,38.52,-28.7,20.0,3.1
havre-saint-pierre,90.0,CA,1571070405.0,81.0,50.23,-63.6,11.0,2.6
hilo,90.0,US,1571070406.0,78.0,19.71,-155.08,22.22,2.041
port alfred,0.0,ZA,1571070406.0,84.0,-33.59,26.89,18.33,0.45
san giorgio del sannio,34.0,IT,1571070406.0,73.0,41.07,14.85,23.0,3.1
karaton,40.0,ID,1571070407.0,78.0,-6.34,106.1,27.0,1.0
baruun-urt,0.0,MN,1571070407.0,28.0,46.68,113.28,0.98,6.115
la ronge,90.0,CA,1571070408.0,69.0,55.1,-105.3,4.0,2.6
norman wells,90.0,CA,1571070408.0,100.0,65.28,-126.83,-4.0,1.0
padang,98.0,ID,1571070408.0,97.0,-0.92,100.36,19.98,0.655
fairbanks,1.0,US,1571070409.0,78.0,64.84,-147.72,-5.57,3.1
zyryanka,100.0,RU,1571070409.0,93.0,65.73,150.89,-7.63,13.833
khalkhal,0.0,IR,1571070409.0,49.0,37.62,48.53,9.78,0.847
sistranda,20.0,NO,1571070410.0,70.0,63.73,8.83,6.0,1.0
alta floresta,31.0,BR,1571070410.0,78.0,-9.87,-56.08,26.0,2.6
petropavlovsk-kamchatskiy,33.0,RU,1571070411.0,74.0,53.05,158.65,-1.0,2.0
puerto del rosario,40.0,ES,1571070411.0,73.0,28.5,-13.86,25.0,6.2
yumen,14.0,CN,1571070411.0,39.0,40.29,97.04,6.58,7.748
tasiilaq,75.0,GL,1571070411.0,55.0,65.61,-37.64,3.0,7.7
san cristobal,97.0,HN,1571070412.0,82.0,14.68,-86.92,22.18,1.778
kodiak,1.0,US,1571070412.0,54.0,39.95,-94.76,16.11,2.6
lebu,20.0,ET,1571070413.0,44.0,8.96,38.73,16.0,6.2
bolzano,75.0,IT,1571070413.0,82.0,45.97,13.39,20.0,1.5
baykit,100.0,RU,1571070413.0,99.0,61.68,96.39,0.88,1.433
amapa,75.0,HN,1571070414.0,83.0,15.09,-87.97,27.0,2.6
avarua,81.0,CK,1571070415.0,88.0,-21.21,-159.78,21.0,2.6
guerrero negro,0.0,MX,1571070415.0,74.0,27.97,-114.04,19.28,3.819
banda aceh,97.0,ID,1571070416.0,91.0,5.56,95.32,23.38,1.567
mahebourg,40.0,MU,1571070416.0,78.0,-20.41,57.7,23.33,1.5
san ramon,90.0,NI,1571070416.0,88.0,12.92,-85.84,21.0,0.078
nanortalik,0.0,GL,1571070417.0,75.0,60.14,-45.24,2.78,5.61
del carmen,38.0,AR,1571070417.0,46.0,-36.79,-59.87,12.78,2.24
edd,89.0,ER,1571070418.0,41.0,13.93,41.69,32.68,5.742
presidencia roque saenz pena,100.0,AR,1571070418.0,95.0,-26.79,-60.44,17.58,5.755
thompson,90.0,CA,1571070419.0,100.0,55.74,-97.86,1.0,3.1
hsinchu,40.0,TW,1571070419.0,64.0,24.8,120.97,25.0,7.2
beringovskiy,100.0,RU,1571070420.0,95.0,63.05,179.32,4.68,11.736
wilmington,1.0,US,1571070420.0,52.0,39.75,-75.55,21.11,3.6
saint-louis,75.0,SN,1571070420.0,74.0,16.03,-16.5,30.0,1.0
hofn,90.0,IS,1571070421.0,87.0,64.25,-15.21,8.0,7.7
byron bay,0.0,AU,1571070422.0,87.0,-28.65,153.62,18.33,0.968
pacific grove,90.0,US,1571070422.0,71.0,36.62,-121.92,13.33,2.729
klaksvik,24.0,FO,1571070423.0,81.0,62.23,-6.59,8.0,6.2
bluff,0.0,AU,1571070423.0,81.0,-23.58,149.07,20.08,3.117
ancud,0.0,CL,1571070423.0,29.0,-41.87,-73.83,16.0,5.1
atuona,1.0,PF,1571070424.0,75.0,-9.8,-139.03,26.28,8.057
medina del campo,75.0,ES,1571070424.0,81.0,41.31,-4.92,10.56,7.7
haines junction,0.0,CA,1571070424.0,81.0,60.75,-137.51,-7.63,2.351
livingstone,0.0,ZW,1571070425.0,11.0,-17.85,25.86,33.58,4.465
qaqortoq,5.0,GL,1571070425.0,44.0,60.72,-46.03,3.0,1.0
karratha,0.0,AU,1571070426.0,75.0,-20.74,116.85,23.38,7.45
cape town,20.0,ZA,1571070426.0,63.0,-33.93,18.42,20.56,5.7
qaanaaq,100.0,GL,1571070427.0,61.0,77.48,-69.36,-8.92,9.761
hermanus,0.0,ZA,1571070428.0,71.0,-34.42,19.24,20.0,1.34
highland springs,90.0,US,1571070428.0,82.0,37.55,-77.33,21.11,2.1
plastun,0.0,RU,1571070429.0,56.0,44.76,136.29,-1.63,2.202
antalaha,0.0,MG,1571070429.0,80.0,-14.9,50.28,25.38,6.247
barrow,100.0,AR,1571070430.0,49.0,-38.31,-60.23,10.28,4.701
amnat charoen,97.0,TH,1571070430.0,81.0,15.86,104.63,26.11,6.165
sitka,0.0,US,1571070432.0,59.0,37.17,-99.65,16.67,5.36
east london,0.0,ZA,1571070432.0,77.0,-33.02,27.91,21.0,4.6
hithadhoo,100.0,MV,1571070433.0,86.0,-0.6,73.08,26.68,8.355
yellowknife,75.0,CA,1571070433.0,68.0,62.45,-114.38,-1.67,3.1
codrington,40.0,AU,1571070434.0,93.0,-28.95,153.24,16.11,0.5
sao filipe,0.0,CV,1571070436.0,75.0,14.9,-24.5,26.38,9.773
bethel,1.0,US,1571070436.0,92.0,60.79,-161.76,-2.0,3.1
chupa,40.0,PE,1571070437.0,38.0,-15.11,-69.99,15.0,3.1
tura,100.0,RU,1571070437.0,90.0,64.27,100.22,-3.32,1.802
fukuma,0.0,JP,1571070438.0,82.0,33.77,130.47,18.0,0.5
hovd,1.0,NO,1571070438.0,81.0,63.83,10.7,7.22,1.5
cidreira,100.0,BR,1571070438.0,82.0,-30.17,-50.22,17.58,9.961
dunedin,100.0,NZ,1571070439.0,91.0,-45.87,170.5,10.56,8.314
juneau,75.0,US,1571070439.0,100.0,58.3,-134.42,5.0,1.5
imeni poliny osipenko,14.0,RU,1571070439.0,46.0,52.42,136.49,-2.63,5.136
columbus,90.0,US,1571070440.0,88.0,32.46,-84.99,22.78,1.5
castro,0.0,CL,1571070440.0,29.0,-42.48,-73.76,16.0,5.1
walvis bay,75.0,NA,1571070440.0,56.0,-22.95,14.51,21.0,6.7
hasaki,75.0,JP,1571070441.0,93.0,35.73,140.83,17.0,2.6
port hedland,0.0,AU,1571070441.0,83.0,-20.31,118.58,22.0,4.6
campos,75.0,PT,1571070442.0,81.0,41.97,-8.7,18.33,6.2
mago,100.0,RU,1571070442.0,89.0,53.27,140.15,-1.63,4.383
georgetown,40.0,GY,1571070442.0,70.0,6.8,-58.16,31.0,5.1
carnarvon,33.0,ZA,1571070443.0,6.0,-30.97,22.13,28.28,11.14
carballo,40.0,ES,1571070443.0,76.0,43.21,-8.69,16.11,4.6
flinders,0.0,AU,1571070444.0,100.0,-34.58,150.85,16.67,2.987
dakar,40.0,SN,1571070444.0,83.0,14.69,-17.45,29.0,4.6
marsh harbour,7.0,BS,1571070444.0,65.0,26.54,-77.06,25.88,3.661
verkhnyaya inta,100.0,RU,1571070445.0,98.0,65.99,60.32,2.38,2.502
komsomolskiy,100.0,RU,1571070445.0,87.0,67.55,63.78,0.18,3.64
palmer,20.0,AU,1571070446.0,87.0,-34.85,139.16,11.67,1.5
iqaluit,20.0,CA,1571070446.0,68.0,63.75,-68.52,-1.0,0.954
lata,28.0,IN,1571070446.0,90.0,30.78,78.62,-2.22,1.2
bathsheba,20.0,BB,1571070447.0,62.0,13.22,-59.52,31.0,7.7
san javier,100.0,BR,1571070447.0,86.0,-27.87,-55.13,22.22,1.79
kabo,51.0,CF,1571070447.0,68.0,7.69,18.62,29.98,1.589
valdosta,1.0,US,1571070448.0,51.0,30.83,-83.28,30.0,2.1
porto novo,20.0,BR,1571070448.0,31.0,-23.68,-45.44,31.0,2.6
itarema,48.0,BR,1571070449.0,44.0,-2.92,-39.92,33.38,7.418
zabol,0.0,IR,1571070449.0,30.0,31.03,61.49,22.0,13.9
odate,17.0,JP,1571070449.0,83.0,40.3,140.55,12.78,2.68
feijo,75.0,EC,1571070450.0,78.0,-3.63,-79.92,32.0,3.6
skjervoy,20.0,NO,1571070450.0,74.0,70.03,20.97,-2.0,2.1
saint-philippe,75.0,CA,1571070450.0,55.0,45.36,-73.48,18.0,7.2
taoudenni,0.0,ML,1571070451.0,15.0,22.68,-3.98,39.98,6.801
upernavik,98.0,GL,1571070451.0,61.0,72.79,-56.15,-4.52,5.873
puerto leguizamo,42.0,CO,1571070451.0,53.0,-0.19,-74.78,31.88,1.027
nelson,96.0,CA,1571070452.0,88.0,49.49,-117.29,3.89,0.874
caaguazu,100.0,PY,1571070452.0,91.0,-25.45,-56.02,22.58,0.949
bogorodskoye,68.0,RU,1571070452.0,50.0,52.37,140.44,-3.82,2.959
sinnamary,92.0,GF,1571070453.0,77.0,5.38,-52.96,27.58,4.148
dayong,11.0,CN,1571070453.0,60.0,25.02,118.29,24.0,6.0
pisco,17.0,PE,1571070454.0,30.0,-13.71,-76.2,22.0,5.1
lavrentiya,100.0,RU,1571070454.0,87.0,65.58,-170.99,2.78,6.908
pochutla,20.0,MX,1571070454.0,62.0,15.74,-96.47,30.0,3.14
oistins,20.0,BB,1571070455.0,62.0,13.07,-59.53,31.0,7.7
kasongo-lunda,99.0,CD,1571070455.0,90.0,-6.48,16.82,25.78,0.787
butaritari,100.0,KI,1571070455.0,64.0,3.07,172.79,29.38,4.394
dolinsk,40.0,RU,1571070456.0,92.0,47.32,142.8,-4.0,1.0
cap malheureux,40.0,MU,1571070456.0,78.0,-19.98,57.61,23.33,1.5
bichura,7.0,RU,1571070456.0,48.0,50.59,107.6,-0.52,2.821
mangan,17.0,IN,1571070457.0,83.0,27.5,88.54,10.38,1.639
tazovskiy,58.0,RU,1571070457.0,97.0,67.47,78.7,2.98,5.827
nikolskoye,90.0,RU,1571070457.0,86.0,59.7,30.79,5.56,6.0
tuatapere,84.0,NZ,1571070458.0,95.0,-46.13,167.69,9.44,0.89
puerto escondido,20.0,MX,1571070458.0,70.0,15.86,-97.07,29.0,0.291
hamilton,75.0,CA,1571070459.0,53.0,43.26,-79.87,12.22,6.2
kaitangata,70.0,NZ,1571070459.0,82.0,-46.28,169.85,10.0,4.02
soyo,75.0,AO,1571070459.0,83.0,-6.13,12.37,26.0,3.1
orlik,15.0,PL,1571070460.0,71.0,53.95,17.74,16.11,4.1
dingle,100.0,PH,1571070460.0,91.0,11.0,122.67,23.58,2.973
fortuna,90.0,US,1571070460.0,93.0,40.6,-124.16,10.56,1.391
narsaq,5.0,GL,1571070461.0,44.0,60.91,-46.05,3.0,1.0
mogadishu,17.0,SO,1571070461.0,84.0,2.04,45.34,27.08,6.762
tigil,83.0,RU,1571070461.0,84.0,57.8,158.67,-0.52,5.022
makakilo city,1.0,US,1571070462.0,83.0,21.35,-158.09,27.0,1.5
bandarbeyla,0.0,SO,1571070462.0,74.0,9.49,50.81,27.58,7.565
provideniya,100.0,RU,1571070463.0,92.0,64.42,-173.23,-1.13,2.279
severo-kurilsk,93.0,RU,1571070463.0,95.0,50.68,156.12,2.08,6.292
nyrob,100.0,RU,1571070463.0,91.0,60.74,56.73,5.98,3.709
yenagoa,100.0,NG,1571070464.0,77.0,4.92,6.26,28.88,4.101
saskylakh,92.0,RU,1571070464.0,92.0,71.97,114.09,-6.32,4.979
nabire,98.0,ID,1571070464.0,97.0,-3.36,135.5,22.18,0.863
westport,1.0,US,1571070465.0,72.0,41.14,-73.36,20.56,3.6
zbiroh,0.0,CZ,1571070465.0,68.0,49.86,13.77,20.0,2.6
kathu,99.0,ZA,1571070466.0,26.0,-27.7,23.05,28.89,5.272
alofi,95.0,NU,1571070466.0,80.0,-19.06,-169.92,24.38,7.256
eston,90.0,CA,1571070467.0,94.0,51.15,-108.75,3.33,8.2
lompoc,90.0,US,1571070467.0,93.0,34.64,-120.46,18.0,2.331
sayyan,100.0,YE,1571070467.0,30.0,15.17,44.32,19.48,8.185
teguldet,100.0,RU,1571070468.0,75.0,57.31,88.17,10.18,3.552
verkhoyansk,76.0,RU,1571070468.0,82.0,67.55,133.39,-14.52,1.143
portland,75.0,US,1571070468.0,63.0,43.66,-70.25,18.33,4.6
boyolangu,98.0,ID,1571070469.0,93.0,-8.09,111.9,22.48,2.033
namibe,90.0,AO,1571070469.0,78.0,-15.19,12.15,24.0,6.7
zhigansk,98.0,RU,1571070470.0,91.0,66.77,123.37,-5.63,2.342
souillac,100.0,FR,1571070470.0,93.0,45.6,-0.6,16.0,5.7
champerico,75.0,MX,1571070471.0,73.0,16.38,-93.6,25.0,2.1
luderitz,67.0,NA,1571070471.0,60.0,-26.65,15.16,20.0,10.3
batticaloa,6.0,LK,1571070471.0,86.0,7.71,81.69,25.48,1.378
brazzaville,20.0,CD,1571070472.0,78.0,-4.27,15.27,28.0,3.1
west bay,90.0,CA,1571070472.0,87.0,49.34,-123.21,10.0,4.1
mbandaka,59.0,CD,1571070472.0,49.0,0.05,18.26,31.78,0.87
khatanga,94.0,RU,1571070473.0,96.0,71.98,102.47,-2.02,5.192
mahon,75.0,IE,1571070473.0,100.0,51.89,-8.4,13.89,0.5
brae,20.0,GB,1571070474.0,93.0,60.4,-1.35,11.0,2.1
budhlada,0.0,IN,1571070474.0,29.0,29.93,75.55,26.08,3.279
okhotsk,88.0,RU,1571070474.0,60.0,59.36,143.24,-8.32,7.743
ladario,7.0,PT,1571070475.0,76.0,40.7,-7.74,15.56,3.58
saint-pierre,48.0,FR,1571070475.0,68.0,48.95,4.24,23.0,5.1
lagoa,20.0,PT,1571070475.0,77.0,37.14,-8.45,20.56,7.7
mount gambier,90.0,AU,1571070476.0,100.0,-37.83,140.78,7.0,1.0
kaolinovo,0.0,BG,1571070476.0,81.0,43.62,27.12,21.11,2.24
bambous virieux,40.0,MU,1571070476.0,78.0,-20.34,57.76,23.33,1.5
greenville,1.0,US,1571070477.0,52.0,34.85,-82.4,22.78,1.571
grindavik,75.0,IS,1571070478.0,75.0,63.84,-22.43,8.0,12.3
racine,40.0,US,1571070478.0,61.0,42.73,-87.78,9.0,4.1
khash,0.0,IR,1571070478.0,22.0,28.22,61.21,20.08,5.468
kitimat,90.0,CA,1571070479.0,88.0,54.02,-128.69,1.67,2.6
hirara,99.0,JP,1571070479.0,83.0,24.8,125.28,25.18,13.457
dikson,73.0,RU,1571070479.0,89.0,73.51,80.55,-1.42,4.266
honningsvag,75.0,NO,1571070480.0,74.0,70.98,25.97,2.0,1.5
namatanai,100.0,PG,1571070480.0,80.0,-3.66,152.44,27.18,3.642
tingi,26.0,TZ,1571070480.0,54.0,-11.3,35.03,25.98,1.717
chokurdakh,100.0,RU,1571070481.0,95.0,70.62,147.9,-9.13,3.631
codajas,61.0,BR,1571070481.0,71.0,-3.84,-62.06,31.08,0.728
mildura,0.0,AU,1571070481.0,66.0,-34.18,142.16,13.0,3.6
ibotirama,0.0,BR,1571070482.0,21.0,-12.18,-43.22,37.28,1.957
ust-tsilma,100.0,RU,1571070482.0,89.0,65.44,52.15,2.88,3.211
lazaro cardenas,90.0,MX,1571070483.0,93.0,28.39,-105.62,18.0,3.308
edirne,0.0,TR,1571070483.0,72.0,41.68,26.56,16.67,0.45
victoria,75.0,BN,1571070483.0,78.0,5.28,115.24,28.0,1.5
puntarenas,40.0,CR,1571070484.0,73.0,9.98,-84.84,24.0,4.1
berwick,75.0,US,1571070484.0,78.0,29.69,-91.22,28.89,2.6
pevek,67.0,RU,1571070484.0,73.0,69.7,170.27,0.48,7.921
barra do garcas,74.0,BR,1571070485.0,23.0,-15.89,-52.26,41.48,0.344
puerto ayora,75.0,EC,1571070485.0,53.0,-0.74,-90.35,25.0,6.2
adrar,47.0,DZ,1571070486.0,20.0,27.87,-0.29,35.0,2.1
paamiut,0.0,GL,1571070486.0,42.0,61.99,-49.67,0.68,4.418
yanam,20.0,IN,1571070486.0,74.0,16.73,82.22,29.0,3.1
puri,100.0,ID,1571070487.0,78.0,-7.54,112.45,23.08,2.054
bonavista,100.0,CA,1571070487.0,82.0,48.65,-53.11,7.22,2.24
faya,40.0,SA,1571070487.0,21.0,18.39,42.45,23.0,5.1
naryan-mar,100.0,RU,1571070488.0,96.0,67.67,53.09,1.58,5.995
tiksi,96.0,RU,1571070488.0,92.0,71.64,128.87,-9.02,1.458
redlands,20.0,US,1571070489.0,87.0,34.06,-117.19,19.0,0.581
samarai,18.0,PG,1571070489.0,88.0,-10.62,150.67,22.38,2.478
sao felix do xingu,0.0,BR,1571070489.0,31.0,-6.64,-51.99,40.18,0.338
aquiraz,40.0,BR,1571070490.0,52.0,-3.9,-38.39,31.0,8.7
viransehir,89.0,TR,1571070490.0,12.0,37.24,39.76,26.18,2.71
samana,88.0,EC,1571070491.0,69.0,0.12,-76.97,28.0,1.0
redmond,20.0,US,1571070491.0,87.0,47.67,-122.12,10.0,2.1
kaseda,4.0,JP,1571070491.0,82.0,31.42,130.32,15.56,1.79
abadan,0.0,IR,1571070492.0,30.0,30.36,48.26,34.0,2.1
nantucket,90.0,US,1571070492.0,87.0,41.28,-70.1,16.0,2.1
takoradi,19.0,GH,1571070492.0,85.0,4.89,-1.75,26.28,6.252
constitucion,90.0,MX,1571070493.0,67.0,23.99,-104.67,20.0,2.1
inhambane,40.0,MZ,1571070493.0,69.0,-23.87,35.38,24.0,6.229
houma,59.0,CN,1571070494.0,73.0,35.63,111.36,7.28,4.262
vao,100.0,EE,1571070494.0,96.0,59.1,26.19,10.08,3.207
podor,75.0,MR,1571070495.0,55.0,16.65,-14.96,33.0,1.0
emet,0.0,TR,1571070495.0,18.0,39.34,29.26,22.28,1.579
chuy,100.0,UY,1571070495.0,66.0,-33.69,-53.46,12.88,6.357
hami,0.0,CN,1571070496.0,27.0,42.84,93.51,12.48,0.583
obo,100.0,CF,1571070496.0,87.0,5.39,26.49,24.98,0.291
port hardy,75.0,CA,1571070496.0,87.0,50.7,-127.42,7.0,2.6
sao joao da barra,0.0,BR,1571070497.0,48.0,-21.64,-41.05,30.0,6.7
manchester,75.0,US,1571070497.0,67.0,43.0,-71.45,19.0,2.6
ngorongoro,100.0,TZ,1571070498.0,54.0,-3.24,35.49,22.58,3.896
natal,40.0,BR,1571070498.0,66.0,-5.81,-35.21,30.0,8.7
ambulu,100.0,ID,1571070498.0,86.0,-8.35,113.61,25.48,4.33
olbia,20.0,IT,1571070499.0,69.0,40.92,9.49,25.0,5.7
cockburn town,0.0,TC,1571070499.0,78.0,21.46,-71.14,28.08,5.338
saint-augustin,90.0,CA,1571070500.0,76.0,45.63,-73.98,17.22,1.5
rabak,0.0,SD,1571070500.0,40.0,13.18,32.74,32.48,4.291
snyder,1.0,US,1571070500.0,40.0,32.72,-100.92,23.89,5.1
clayton,1.0,US,1571070501.0,58.0,37.94,-121.94,17.78,0.44
yenotayevka,0.0,RU,1571070501.0,57.0,47.24,47.04,18.58,2.846
neuquen,100.0,AR,1571070501.0,25.0,-38.95,-68.06,11.0,5.7
ponta do sol,0.0,BR,1571070502.0,37.0,-20.63,-46.0,30.08,2.191
los llanos de aridane,75.0,ES,1571070502.0,64.0,28.66,-17.92,23.0,5.1
labuan,75.0,BN,1571070502.0,78.0,5.28,115.24,28.0,1.5
cayenne,40.0,GF,1571070503.0,55.0,4.94,-52.33,32.0,5.1
sur,7.0,OM,1571070503.0,61.0,22.57,59.53,26.68,2.118
charlottesville,1.0,US,1571070503.0,37.0,38.03,-78.48,22.78,2.6
deputatskiy,76.0,RU,1571070504.0,92.0,69.3,139.9,-13.72,1.936
leningradskiy,67.0,RU,1571070504.0,72.0,69.38,178.42,-1.42,6.809
egvekinot,100.0,RU,1571070504.0,97.0,66.32,-179.17,-2.72,2.726
tankara,0.0,IN,1571070505.0,44.0,22.66,70.75,31.67,2.069
labuhan,8.0,ID,1571070505.0,82.0,-2.54,115.51,24.98,0.815
blagoyevo,98.0,RU,1571070506.0,93.0,63.37,47.92,2.88,1.906
coro,27.0,VE,1571070506.0,71.0,11.41,-69.67,29.58,4.807
samarkand,0.0,UZ,1571070506.0,57.0,39.65,66.98,10.0,1.0
upata,57.0,VE,1571070507.0,66.0,8.02,-62.41,31.67,1.34
mutsu,75.0,JP,1571070507.0,76.0,41.29,141.2,14.0,2.6
clyde river,20.0,CA,1571070507.0,74.0,70.47,-68.59,2.0,10.3
marsa matruh,40.0,EG,1571070508.0,73.0,31.35,27.25,24.0,3.6
eyl,0.0,SO,1571070508.0,85.0,7.98,49.82,27.28,5.806
porbandar,5.0,IN,1571070509.0,78.0,21.64,69.61,28.0,1.5
nyurba,79.0,RU,1571070509.0,94.0,63.29,118.35,-4.02,3.169
kununurra,88.0,AU,1571070509.0,69.0,-15.77,128.74,26.0,4.1
port lincoln,0.0,AU,1571070510.0,85.0,-34.72,135.86,10.68,2.451
sao miguel do araguaia,5.0,BR,1571070510.0,18.0,-13.28,-50.16,43.08,0.899
saldanha,59.0,PT,1571070511.0,56.0,41.42,-6.55,13.68,8.51
nome,75.0,US,1571070511.0,78.0,30.04,-94.42,27.22,4.1
uzyn,61.0,UA,1571070511.0,51.0,49.83,30.42,19.44,3.0
idrinskoye,70.0,RU,1571070512.0,67.0,54.37,92.14,4.58,1.587
atar,100.0,MR,1571070512.0,26.0,20.52,-13.05,36.08,5.367
huarmey,70.0,PE,1571070512.0,46.0,-10.07,-78.15,23.28,3.017
bayir,0.0,TR,1571070513.0,73.0,37.27,28.22,28.0,2.1
alfenas,0.0,BR,1571070513.0,38.0,-21.43,-45.95,31.98,1.016
auki,0.0,NG,1571070513.0,32.0,12.18,6.51,33.68,2.908
kahului,1.0,US,1571070514.0,73.0,20.89,-156.47,25.0,2.1
avera,1.0,US,1571070514.0,38.0,33.19,-82.53,26.0,2.6
coihaique,0.0,CL,1571070514.0,18.0,-45.58,-72.07,16.0,8.2
san patricio,100.0,PY,1571070515.0,96.0,-26.98,-56.83,22.28,2.157
alakurtti,100.0,RU,1571070515.0,95.0,66.96,30.34,-1.11,2.14
taksimo,98.0,RU,1571070516.0,59.0,56.36,114.84,-3.52,1.089
manbij,67.0,SY,1571070516.0,35.0,36.53,37.96,23.0,0.5
nangong,0.0,CN,1571070516.0,20.0,37.36,115.37,8.48,1.721
asekeyevo,100.0,RU,1571070517.0,80.0,53.57,52.8,8.68,6.904
marovoay,20.0,MG,1571070517.0,69.0,-16.11,46.64,28.0,5.1
cay,0.0,TR,1571070517.0,27.0,38.59,31.03,18.88,1.702
paris,100.0,FR,1571070419.0,56.0,48.86,2.35,23.33,5.1
airai,0.0,TL,1571070518.0,28.0,-8.93,125.41,16.48,1.968
santiago del estero,100.0,AR,1571070519.0,84.0,-27.8,-64.26,10.78,8.139
gizo,20.0,IL,1571070519.0,78.0,31.8,34.94,28.0,2.6
vardo,1.0,US,1571070519.0,39.0,39.62,-77.74,21.11,4.6
poum,0.0,MK,1571070520.0,60.0,41.28,20.71,21.0,2.1
ayan,0.0,IR,1571070520.0,30.0,38.23,44.7,9.38,1.34
thinadhoo,100.0,MV,1571070521.0,76.0,0.53,72.93,28.18,3.837
martapura,52.0,ID,1571070521.0,92.0,-3.41,114.85,23.78,1.201
dunmore town,7.0,BS,1571070522.0,78.0,25.5,-76.65,26.18,6.246
bonthe,41.0,SL,1571070522.0,72.0,7.53,-12.5,28.18,4.77
wegrow,0.0,PL,1571070523.0,71.0,52.4,22.02,20.56,2.803
mayumba,100.0,GA,1571070523.0,91.0,-3.44,10.65,23.98,5.969
fort nelson,75.0,CA,1571070524.0,92.0,58.81,-122.69,-1.0,2.6
husavik,77.0,CA,1571070524.0,96.0,50.56,-96.99,3.33,1.34
esso,94.0,RU,1571070524.0,96.0,55.93,158.7,-10.02,3.2
tipuani,6.0,BO,1571070525.0,40.0,-15.56,-68.02,32.38,0.521
tecpan,75.0,GT,1571070525.0,82.0,14.76,-90.99,20.0,10.3
opuwo,98.0,NA,1571070526.0,30.0,-18.06,13.84,30.18,2.9
muros,40.0,ES,1571070526.0,76.0,42.77,-9.06,16.11,4.6
praia da vitoria,20.0,PT,1571070526.0,56.0,38.73,-27.07,21.0,4.605
caravelas,22.0,BR,1571070527.0,52.0,-17.73,-39.27,28.98,6.186
manokwari,97.0,ID,1571070527.0,84.0,-0.87,134.08,22.78,2.013
bandundu,31.0,CD,1571070528.0,56.0,-3.32,17.38,30.98,1.177
carutapera,70.0,BR,1571070528.0,78.0,-1.2,-46.02,27.48,9.424
waipawa,100.0,NZ,1571070528.0,85.0,-39.94,176.59,9.44,4.47
haljala,100.0,EE,1571070529.0,92.0,59.43,26.27,7.78,8.45
yar-sale,100.0,RU,1571070529.0,95.0,66.83,70.83,3.88,5.785
vila,20.0,IT,1571070529.0,72.0,45.18,8.4,20.0,1.0
kailua,20.0,US,1571070530.0,65.0,21.39,-157.74,27.0,3.1
camacupa,64.0,AO,1571070530.0,61.0,-12.02,17.48,23.78,0.955
wajima,100.0,JP,1571070531.0,79.0,37.4,136.9,17.38,8.718
richards bay,16.0,ZA,1571070531.0,85.0,-28.77,32.06,21.08,12.243
natitingou,20.0,BJ,1571070531.0,66.0,10.31,1.38,29.0,3.6
fomboni,3.0,KM,1571070532.0,77.0,-12.28,43.74,26.98,3.852
tyrma,0.0,RU,1571070532.0,61.0,50.04,132.17,-4.82,2.318
ziro,0.0,IN,1571070532.0,69.0,27.54,93.82,16.18,1.595
hornepayne,100.0,CA,1571070533.0,96.0,49.22,-84.78,1.38,4.057
cintalapa,65.0,MX,1571070533.0,89.0,16.7,-93.73,22.08,1.478
bhinmal,0.0,IN,1571070533.0,40.0,25.01,72.27,29.58,0.826
tahoua,0.0,NE,1571070534.0,16.0,14.89,5.26,38.0,1.0
rovaniemi,90.0,FI,1571070534.0,97.0,66.5,25.72,0.0,2.1
mananjary,72.0,MG,1571070534.0,72.0,-19.16,46.8,20.38,1.608
sharan,0.0,AF,1571070535.0,17.0,33.15,68.78,12.28,1.132
san quintin,97.0,PH,1571070535.0,86.0,17.54,120.52,22.28,2.428
chapais,90.0,CA,1571070535.0,93.0,49.78,-74.86,6.0,2.1
moron,0.0,HT,1571070536.0,66.0,18.56,-74.26,28.98,0.645
griffith,0.0,AU,1571070536.0,58.0,-34.29,146.06,17.0,2.6
vrises,0.0,GR,1571070536.0,77.0,35.49,23.89,23.89,2.1
ahipara,100.0,NZ,1571070537.0,100.0,-35.17,173.16,15.0,4.048
isangel,20.0,VU,1571070537.0,88.0,-19.55,169.27,20.0,3.67
paragominas,51.0,BR,1571070538.0,38.0,-3.0,-47.35,35.08,2.677
bilibino,96.0,RU,1571070538.0,97.0,68.06,166.44,-9.22,0.808
santiago,81.0,PH,1571070539.0,96.0,16.69,121.54,21.58,0.788
lorengau,100.0,PG,1571070539.0,70.0,-2.02,147.27,28.68,2.849
waingapu,0.0,ID,1571070539.0,78.0,-9.65,120.26,26.38,5.933
birin,41.0,NP,1571070540.0,92.0,26.89,88.07,12.78,1.868
pangnirtung,75.0,CA,1571070540.0,78.0,66.15,-65.72,0.0,4.6
ningyang,0.0,CN,1571070540.0,44.0,35.76,116.79,8.48,3.003
carmen,75.0,PH,1571070541.0,100.0,7.36,125.71,25.0,1.5
kiruna,0.0,SE,1571070541.0,92.0,67.86,20.23,-9.0,2.1
katsuura,75.0,JP,1571070541.0,68.0,33.93,134.5,20.0,9.3
marsabit,7.0,KE,1571070542.0,51.0,2.34,37.99,27.28,7.956
metkovic,2.0,HR,1571070542.0,49.0,43.05,17.65,22.0,1.5
jabinyanah,20.0,TN,1571070543.0,69.0,35.03,10.91,26.0,4.1
wonthaggi,100.0,AU,1571070543.0,87.0,-38.6,145.59,13.89,2.786
biu,80.0,NG,1571070543.0,40.0,10.61,12.19,33.48,2.23
jalu,15.0,LY,1571070544.0,20.0,29.03,21.55,33.48,5.279
mineiros,29.0,BR,1571070544.0,31.0,-17.57,-52.55,32.68,2.386
damietta,6.0,EG,1571070545.0,83.0,31.42,31.81,27.0,2.6
raudeberg,75.0,NO,1571070545.0,71.0,61.99,5.14,10.0,3.6
springfield,40.0,US,1571070545.0,67.0,42.1,-72.59,18.33,3.1
basco,1.0,US,1571070546.0,57.0,40.33,-91.2,12.78,1.568
podgorenskiy,100.0,RU,1571070546.0,59.0,50.4,39.64,17.28,3.204
pacifica,90.0,US,1571070547.0,81.0,37.61,-122.49,16.11,3.6
rio grande,75.0,BR,1571070547.0,82.0,-32.03,-52.1,14.0,7.2
at-bashi,1.0,KG,1571070547.0,75.0,41.17,75.81,-1.52,3.442
jizan,40.0,SA,1571070548.0,62.0,16.89,42.56,32.0,3.6
sorland,40.0,NO,1571070548.0,80.0,67.67,12.69,5.0,3.1
guanay,6.0,BO,1571070549.0,40.0,-15.5,-67.88,32.38,0.521
grand gaube,40.0,MU,1571070549.0,78.0,-20.01,57.66,23.33,1.5
krasnyy yar,73.0,RU,1571070549.0,82.0,50.7,44.73,14.38,3.009
kamenka,28.0,MD,1571070550.0,78.0,48.03,28.7,13.89,2.353
kiama,0.0,AU,1571070550.0,100.0,-34.67,150.86,16.67,2.987
oriximina,9.0,BR,1571070551.0,45.0,-1.77,-55.87,33.78,2.567
morros,40.0,BR,1571070551.0,66.0,-2.87,-44.04,31.0,8.2
chitral,0.0,PK,1571070551.0,36.0,35.85,71.79,8.08,2.137
kohlu,0.0,PK,1571070552.0,25.0,29.9,69.25,22.88,3.471
ust-kut,100.0,RU,1571070552.0,82.0,56.78,105.75,0.38,1.604
taicheng,7.0,CN,1571070552.0,76.0,22.25,112.8,25.56,0.45
rehoboth,100.0,NA,1571070553.0,25.0,-23.31,17.08,27.68,5.632
virden,79.0,CA,1571070553.0,91.0,49.85,-100.93,-1.52,2.145
chifeng,0.0,CN,1571070554.0,29.0,42.27,118.96,0.28,1.918
ngunguru,100.0,NZ,1571070554.0,96.0,-35.62,174.5,15.0,2.68
sabang,100.0,PH,1571070554.0,87.0,13.8,121.11,25.56,0.45
henties bay,64.0,NA,1571070555.0,87.0,-22.12,14.28,17.22,2.68
lasa,20.0,CY,1571070555.0,61.0,34.92,32.53,28.0,1.5
dudinka,100.0,RU,1571070556.0,98.0,69.41,86.18,1.18,2.525
mattru,76.0,SL,1571070556.0,63.0,7.62,-11.83,30.48,3.172
koindu,44.0,GN,1571070556.0,60.0,8.44,-10.33,30.98,0.52
kachiry,100.0,KZ,1571070557.0,47.0,53.07,76.1,13.18,3.145
yaan,36.0,NG,1571070557.0,64.0,7.38,8.57,31.28,0.854
macklin,72.0,CA,1571070557.0,79.0,52.34,-109.94,1.18,3.625
ayagoz,20.0,KZ,1571070558.0,41.0,47.96,80.43,12.98,6.034
senanga,100.0,ZM,1571070559.0,15.0,-16.1,23.3,34.28,3.592
sueyoshi,89.0,JP,1571070560.0,82.0,31.65,131.02,15.56,1.79
honiara,75.0,SB,1571070560.0,88.0,-9.43,159.96,25.0,1.0
faanui,25.0,PF,1571070560.0,80.0,-16.48,-151.75,24.78,5.949
hihya,0.0,EG,1571070561.0,35.0,30.67,31.59,32.0,2.6
sidi ali,11.0,DZ,1571070561.0,51.0,36.1,0.42,24.48,8.587
khorixas,89.0,NA,1571070562.0,31.0,-20.37,14.96,29.48,5.174
geraldton,75.0,CA,1571070562.0,86.0,49.72,-86.95,3.0,2.6
alice springs,66.0,AU,1571070562.0,18.0,-23.7,133.88,23.0,1.5
lewistown,1.0,US,1571070563.0,57.0,40.39,-90.15,12.22,0.725
santa cruz,98.0,BR,1571070564.0,32.0,-6.22,-36.02,34.18,4.903
sosnogorsk,100.0,RU,1571070564.0,91.0,63.59,53.93,3.78,4.553
fengcheng,0.0,CN,1571070564.0,47.0,40.45,124.07,0.58,3.191
belyy yar,97.0,RU,1571070565.0,72.0,53.6,91.39,6.08,1.051
rocha,100.0,UY,1571070566.0,63.0,-34.48,-54.34,10.58,7.105
swan hill,0.0,AU,1571070567.0,96.0,-35.34,143.56,11.18,4.216
necochea,48.0,AR,1571070567.0,59.0,-38.55,-58.74,12.78,4.92
kerouane,95.0,GN,1571070568.0,86.0,12.23,-12.34,25.38,0.842
gharo,0.0,PK,1571070568.0,65.0,24.74,67.58,28.0,3.1
mimongo,99.0,GA,1571070568.0,95.0,-1.62,11.6,21.48,3.489
swakopmund,75.0,NA,1571070569.0,56.0,-22.68,14.53,21.0,6.7
shahr-e kord,40.0,IR,1571070570.0,44.0,32.33,50.85,14.0,2.1
hashtrud,0.0,IR,1571070570.0,18.0,37.48,47.05,12.78,2.297
lujan,0.0,AR,1571070571.0,36.0,-46.57,-67.67,11.08,4.171
durban,60.0,CA,1571070571.0,75.0,51.93,-101.44,1.28,0.262
palana,100.0,RU,1571070571.0,88.0,59.08,159.95,-0.82,5.071
ajaccio,0.0,FR,1571070572.0,61.0,41.93,8.74,25.0,1.5
visby,75.0,SE,1571070572.0,93.0,57.64,18.3,12.22,4.1
ndjole,100.0,GA,1571070572.0,92.0,-0.18,10.76,24.48,2.862
kirakira,96.0,SB,1571070573.0,89.0,-10.46,161.92,24.18,2.292
gewane,100.0,ET,1571070573.0,20.0,10.16,40.66,32.28,4.668
the valley,20.0,AI,1571070573.0,62.0,18.22,-63.06,32.0,4.1
touros,75.0,BR,1571070574.0,62.0,-5.2,-35.46,29.0,6.7
comodoro rivadavia,0.0,AR,1571070574.0,59.0,-45.87,-67.48,14.0,7.7
anzio,20.0,IT,1571070574.0,64.0,41.45,12.63,25.0,2.6
takaka,100.0,NZ,1571070575.0,71.0,-40.86,172.81,12.22,4.02
camacha,20.0,PT,1571070575.0,60.0,33.08,-16.33,23.0,5.7
livani,100.0,LV,1571070575.0,76.0,56.35,26.18,13.78,5.217
lahaina,20.0,US,1571070576.0,69.0,20.87,-156.68,25.0,5.1
sawakin,1.0,SD,1571070576.0,55.0,19.1,37.33,32.0,2.6
talen,19.0,IN,1571070577.0,55.0,23.57,76.72,24.88,0.212
kruisfontein,0.0,ZA,1571070577.0,65.0,-34.0,24.73,19.08,13.245
mackenzie,90.0,CA,1571070578.0,97.0,55.34,-123.09,1.0,2.1
pouembout,0.0,NC,1571070578.0,90.0,-21.12,164.9,15.18,1.129
chara,0.0,GR,1571070578.0,77.0,39.42,22.43,23.0,2.526
launceston,90.0,AU,1571070579.0,93.0,-41.43,147.14,11.67,2.6
coquimbo,75.0,CL,1571070580.0,63.0,-29.95,-71.34,17.0,12.9
ucluelet,75.0,CA,1571070580.0,100.0,48.94,-125.55,8.33,1.739
ilulissat,75.0,GL,1571070580.0,62.0,69.22,-51.1,-7.0,4.6
vitim,95.0,RU,1571070581.0,94.0,59.44,112.57,-1.02,2.553
vuktyl,99.0,RU,1571070581.0,86.0,63.86,57.31,3.88,3.999
matcha,100.0,RU,1571070582.0,82.0,54.63,42.35,10.68,3.613
sterling,1.0,US,1571070582.0,40.0,39.0,-77.4,22.0,2.1
valparaiso,1.0,US,1571070582.0,70.0,41.47,-87.06,10.0,4.1
niagara falls,75.0,CA,1571070583.0,53.0,43.1,-79.12,12.22,6.2
reshetikha,90.0,RU,1571070583.0,81.0,56.22,43.29,10.0,4.0
saint george,0.0,GR,1571070583.0,77.0,39.45,22.34,23.0,2.526
youkounkoun,52.0,GN,1571070584.0,67.0,12.53,-13.12,30.48,1.737
parana,75.0,BR,1571070584.0,59.0,-7.52,-72.89,32.0,2.6
havoysund,75.0,NO,1571070585.0,74.0,71.0,24.66,2.0,1.5
bulnes,75.0,CL,1571070585.0,67.0,-36.74,-72.3,16.0,7.7
rio bueno,40.0,JM,1571070585.0,74.0,18.47,-77.46,30.0,4.1
half moon bay,90.0,US,1571070586.0,81.0,37.46,-122.43,16.11,3.6
wajir,75.0,KE,1571070586.0,66.0,1.75,40.07,29.0,4.392
filadelfia,100.0,PY,1571070587.0,53.0,-22.35,-60.04,31.48,4.235
reconquista,100.0,AR,1571070587.0,92.0,-29.14,-59.64,10.58,10.216
springbok,59.0,ZA,1571070588.0,12.0,-29.67,17.88,23.38,9.73
rabo de peixe,20.0,PT,1571070588.0,60.0,37.8,-25.58,21.67,3.6
russell,1.0,US,1571070588.0,52.0,38.9,-98.86,21.11,6.7
sompeta,11.0,IN,1571070589.0,86.0,18.93,84.6,23.78,1.148
thunder bay,75.0,CA,1571070589.0,85.0,48.41,-89.26,6.0,7.7
torremolinos,40.0,ES,1571070590.0,42.0,36.62,-4.5,27.0,4.1
high level,90.0,CA,1571070590.0,84.0,58.52,-117.13,0.0,1.5
vargashi,5.0,RU,1571070590.0,83.0,55.36,65.85,6.98,4.727
skibbereen,75.0,IE,1571070591.0,100.0,51.55,-9.27,12.0,0.5
conakry,40.0,GN,1571070591.0,79.0,9.52,-13.7,29.0,4.1
randudongkal,98.0,ID,1571070591.0,75.0,-7.09,109.33,24.88,2.861
boden,0.0,SE,1571070592.0,71.0,65.83,21.69,0.0,3.1
jiayuguan,98.0,CN,1571070592.0,47.0,39.77,98.29,6.08,4.446
itaberaba,0.0,BR,1571070592.0,31.0,-12.52,-40.31,31.98,2.921
villa carlos paz,40.0,AR,1571070593.0,76.0,-31.42,-64.5,10.0,3.6
college,1.0,US,1571070593.0,78.0,64.86,-147.8,-2.0,3.1
oxford,75.0,US,1571070593.0,52.0,33.61,-85.83,20.56,1.5
cururupu,79.0,BR,1571070594.0,54.0,-1.82,-44.87,30.98,3.367
semey,100.0,KZ,1571070594.0,31.0,50.41,80.25,17.38,7.829
sol-iletsk,19.0,RU,1571070595.0,71.0,51.16,55.0,10.28,4.367
rundu,47.0,NA,1571070595.0,19.0,-17.91,19.77,33.0,2.6
ostrovnoy,85.0,RU,1571070595.0,84.0,68.05,39.51,0.08,3.061
marabba,25.0,SD,1571070596.0,44.0,12.35,32.18,31.68,3.739
nan,80.0,TH,1571070596.0,83.0,18.78,100.78,20.48,1.058
kulachi,0.0,PK,1571070596.0,20.0,31.93,70.46,31.28,3.238
acapulco,20.0,MX,1571070597.0,74.0,16.86,-99.88,30.0,0.223
vila velha,40.0,BR,1571070597.0,52.0,-3.71,-38.6,31.0,8.7
uige,75.0,AO,1571070597.0,83.0,-7.61,15.06,24.0,2.1
lisakovsk,16.0,KZ,1571070598.0,69.0,52.55,62.49,8.48,6.153
caconda,76.0,AO,1571070598.0,41.0,-13.73,15.06,26.98,0.908
solano,95.0,CO,1571070598.0,89.0,0.7,-75.25,24.58,1.042
ramgarh,0.0,IN,1571070599.0,22.0,27.26,75.18,28.48,2.803
novaya igirma,100.0,RU,1571070599.0,81.0,57.14,103.93,1.58,2.269
ludvika,89.0,SE,1571070600.0,93.0,60.15,15.18,6.67,2.091
marsaxlokk,40.0,MT,1571070600.0,78.0,35.84,14.54,23.89,4.6
aykhal,0.0,RU,1571070601.0,87.0,65.95,111.51,-11.45,2.253
oga,27.0,IT,1571070601.0,76.0,46.46,10.35,17.78,6.7
hammonton,40.0,US,1571070602.0,64.0,39.64,-74.8,21.67,3.1
grudziadz,53.0,PL,1571070603.0,72.0,53.48,18.75,20.56,1.5
hambantota,20.0,LK,1571070604.0,100.0,6.12,81.12,26.0,1.0
kavieng,97.0,PG,1571070604.0,73.0,-2.57,150.8,28.15,3.553
tostedt,89.0,DE,1571070607.0,63.0,53.28,9.71,17.22,3.1
kalasin,19.0,TH,1571070609.0,74.0,16.43,103.51,23.55,4.021
kingman,1.0,US,1571070610.0,25.0,35.19,-114.05,21.67,1.5
weligama,81.0,LK,1571070610.0,87.0,5.97,80.42,25.55,1.315
japura,54.0,ID,1571070611.0,91.0,-0.42,102.29,22.95,0.85
ramotswa,0.0,BW,1571070611.0,19.0,-24.87,25.87,32.0,5.7
salvador,40.0,BR,1571070611.0,69.0,-12.98,-38.48,28.0,6.2
hay river,90.0,CA,1571070612.0,86.0,60.82,-115.79,1.0,1.0
port keats,1.0,AU,1571070612.0,79.0,-14.25,129.55,25.35,3.067
tabas,0.0,IR,1571070613.0,27.0,33.6,56.92,25.0,3.1
shimoda,40.0,JP,1571070613.0,94.0,34.7,138.93,20.0,1.0
manado,40.0,ID,1571070614.0,100.0,1.49,124.85,23.0,0.77
bunia,100.0,CD,1571070614.0,80.0,1.56,30.25,21.95,2.133
razole,30.0,IN,1571070614.0,86.0,16.48,81.84,25.85,2.015
matara,75.0,BI,1571070615.0,94.0,-3.48,29.48,23.0,1.0
gayny,100.0,RU,1571070615.0,85.0,60.3,54.33,4.85,4.186
mayo,90.0,CA,1571070616.0,78.0,63.59,-135.9,-10.0,4.1
alyangula,33.0,AU,1571070616.0,88.0,-13.85,136.42,24.0,0.5
ruteng,0.0,ID,1571070616.0,62.0,-8.61,120.46,18.65,1.355
french harbor,90.0,HN,1571070617.0,74.0,16.35,-86.43,28.0,2.1
khandyga,92.0,RU,1571070617.0,96.0,62.65,135.58,-11.75,1.309
vostok,0.0,RU,1571070617.0,64.0,46.45,135.83,-5.65,2.725
sabha,59.0,LY,1571070618.0,30.0,27.03,14.43,27.35,4.373
lerwick,20.0,GB,1571070618.0,87.0,60.15,-1.15,11.0,2.1
